codigo,cedente,pagador,valor,vencimento
1,Bettley,Cadell,8822.33,26/02/2022
2,Pirelli,Bodycombe,55678.67,31/10/2021
3,Durak,Connell,1158.88,27/09/2021
4,Levison,Stonham,285.20,18/03/2022
5,Brannigan,Crowne,95334.95,07/11/2021
6,Adrian,Muddiman,2607.33,07/10/2021
7,Oxnam,Bessom,9069.11,01/12/2021
8,Petrazzi,Yegorkov,389.92,16/04/2022
9,Woolis,Pinfold,479.40,31/05/2022
10,MacAscaidh,Nadin,4336.12,19/12/2021
11,Sweetzer,Garratt,2101.26,24/11/2021
12,Ricciardiello,Winckworth,355.94,03/07/2021
13,Coulson,Dries,6286.68,15/07/2021
14,Hilhouse,Bausmann,3802.88,21/12/2021
15,Allsop,Daborn,6696.66,01/04/2022
16,Thompson,Withringten,5465.02,26/06/2021
17,Kinney,Hoyles,1220.27,07/03/2022
18,Jerrom,Iacofo,4654.38,02/07/2021
19,Bushe,Jacobi,4917.50,01/02/2022
20,Heenan,Ruvel,9239.03,08/10/2021
21,Dray,Dotson,55230.06,21/11/2021
22,Westnage,Noble,7391.76,19/04/2022
23,Gierardi,Impey,8205.96,30/01/2022
24,Bambury,Wattisham,6316.70,05/05/2022
25,Tull,Kahane,1288.10,11/04/2022
26,Ditt,Betteridge,705.54,13/03/2022
27,Pont,Pendall,8670.06,26/07/2021
28,Kemston,Nashe,8286.66,17/03/2022
29,Samudio,Billing,4197.67,10/10/2021
30,Gauche,Pettigree,4018.43,21/08/2021
31,Linstead,Adamiak,9572.73,22/06/2021
32,Jacobs,Levermore,8320.09,06/12/2021
33,Valentinuzzi,Uebel,5446.63,11/04/2022
34,Cowlard,Vogeller,8326.43,30/09/2021
35,Garstang,Rassmann,942.74,21/01/2022
36,Tolwood,Hackin,6968.24,12/04/2022
37,Sarre,Southorn,5152.22,19/11/2021
38,Heggs,Coldwell,8750.01,30/06/2021
39,Veschambes,Saket,5880.92,16/01/2022
40,Leason,Swaby,195549.94,11/02/2022
41,Fucher,Temperton,2913.56,03/12/2021
42,Soldi,Goodbar,3653.37,09/09/2021
43,Bloan,Caldron,6575.00,13/07/2021
44,Barniss,Schoffel,9110.27,28/06/2021
45,Alben,Winstanley,9078.79,10/06/2021
46,Aspray,Ruane,4416.59,24/11/2021
47,Troughton,Buscher,5283.01,22/02/2022
48,O'Connel,McLarnon,5085.72,01/08/2021
49,Bletsoe,Fathers,9471.20,19/05/2022
50,Hendrik,Fowlds,8223.05,14/12/2021
51,Willman,Wintour,355.70,26/09/2021
52,Dounbare,Gorce,4214.53,14/11/2021
53,Titlow,Corzon,5463.05,16/12/2021
54,Kharchinski,Erni,5211.58,13/03/2022
55,Gutowska,Vogeller,7720.28,24/05/2022
56,Burchill,Abberley,9669.19,17/12/2021
57,Kensitt,Winterton,5668.12,21/09/2021
58,Han,Grenkov,185.80,29/11/2021
59,Vassel,Clarridge,8522.30,31/12/2021
60,Trembey,Crosson,5815.79,11/03/2022
61,Jonczyk,Woollacott,1036.11,01/08/2021
62,Dessant,Aslie,4372.08,24/03/2022
63,Eastgate,Bedberry,8579.16,27/10/2021
64,Edy,Waghorn,4780.69,24/07/2021
65,Haucke,Sawbridge,2610.96,27/08/2021
66,Beswetherick,Rangle,9797.06,15/05/2022
67,Abbys,Brunicke,9330.44,22/06/2021
68,Sigge,Sorrill,3115.73,17/05/2022
69,Rappaport,Oldis,9380.46,15/09/2021
70,Pauleau,Friary,8296.72,11/01/2022
71,Crebbin,Merriton,2046.46,02/02/2022
72,Whitham,Arthan,2610.55,08/10/2021
73,Udie,Wetherell,719.69,28/02/2022
74,Burnapp,Stroobant,892.47,23/12/2021
75,Darwent,Burgoine,8976.95,07/02/2022
76,Espinha,Witherow,1236.11,10/05/2022
77,Saile,Lammiman,2373.03,12/11/2021
78,Isaaksohn,Gerriet,6180.60,28/03/2022
79,Bridat,Kunzelmann,398.00,01/06/2022
80,Dougliss,Shardlow,1285.56,13/08/2021
81,Guerreau,Pionter,3546.99,21/02/2022
82,Filipponi,Midlar,247.76,20/04/2022
83,McCoole,Gravener,72.69,12/08/2021
84,Osgardby,Bridgement,7702.56,21/09/2021
85,Izkoveski,Chittock,3688.54,26/07/2021
86,Ringe,Zylberdik,4150.41,26/03/2022
87,Scarman,MacKey,7397.37,18/07/2021
88,Breeze,Sybry,5815.89,03/06/2022
89,Falck,Blanden,6970.21,31/01/2022
90,Kleeman,Dulson,999.15,06/12/2021
91,Hughland,O'Roan,9459.21,28/07/2021
92,Hookes,Navan,9026.50,07/03/2022
93,Farenden,Itzakovitz,2973.82,19/10/2021
94,Bangs,Condie,8695.90,16/03/2022
95,Iori,Cannaway,7837.72,03/05/2022
96,Trunkfield,Plover,8260.32,23/04/2022
97,Fortune,Wanderschek,8959.80,24/07/2021
98,Got,Di Angelo,9076.15,23/08/2021
99,Paley,Marrington,6280.32,23/07/2021
100,Phillis,Wessel,5387.71,28/12/2021
101,Emmanueli,Bembridge,9632.00,29/08/2021
102,Payler,McCathy,477.37,28/03/2022
103,Leuchars,Demko,3652.99,18/09/2021
104,Gaenor,Strutley,4579.10,21/05/2022
105,Saffill,Rittelmeyer,7077.60,02/01/2022
106,Linskill,Petrulis,8596.06,05/09/2021
107,MacComiskey,Cockarill,3387.70,08/07/2021
108,Whenman,McEnhill,9103.03,05/11/2021
109,Sharma,Sapsford,731.51,11/06/2021
110,Eastman,Braga,7050.16,07/09/2021
111,Pettendrich,Lossman,7619.83,15/03/2022
112,Sandry,Underwood,6748.33,30/11/2021
113,Rickford,Fellows,6445.58,29/05/2022
114,Feathersby,Tungay,1977.79,08/11/2021
115,Baroux,Dockery,3741.42,22/01/2022
116,Looker,Woolmer,869.22,18/07/2021
117,Munton,Hixley,9900.55,10/06/2021
118,Pennuzzi,Kimmince,1674.40,01/12/2021
119,Dow,Bonnaire,514.47,27/10/2021
120,Edney,Putman,68.85,02/05/2022
121,Tyrrell,Murrigans,4388.55,12/11/2021
122,Pounds,Clawson,3728.81,03/06/2022
123,Sweeny,Trayling,8001.19,15/01/2022
124,Meneghelli,Gerault,9416.97,22/11/2021
125,Hiland,Jobern,6877.87,30/09/2021
126,Salaman,Keeler,9230.51,18/03/2022
127,Burg,Lankford,5307.48,15/09/2021
128,Caveney,Pessolt,5251.75,08/02/2022
129,Sheavills,Hallgate,8373.69,29/01/2022
130,Newstead,Bushrod,6801.23,20/11/2021
131,Bendall,Karet,6334.40,22/04/2022
132,Demschke,Dominiak,7819.36,05/02/2022
133,Munning,Verman,1379.18,11/03/2022
134,Caldecot,Casebourne,2502.61,09/04/2022
135,Naulls,Senchenko,2297.11,05/05/2022
136,Welch,Lissaman,2007.65,16/03/2022
137,Chippindall,Evreux,2114.43,13/12/2021
138,Hearne,Shubotham,6100.80,30/07/2021
139,Yarr,Lunney,3438.80,14/01/2022
140,Bullon,Courtin,6485.09,09/04/2022
141,Monni,Rawling,984.12,25/11/2021
142,Martinat,Newbold,2892.77,01/07/2021
143,Addy,Doyle,8848.33,09/05/2022
144,Gosneye,Hendrichs,2732.42,16/10/2021
145,Krollman,Lesek,4075.23,04/06/2022
146,Dryden,Shadfourth,549.75,30/08/2021
147,Trengrouse,Cliff,5726.96,07/04/2022
148,Peartree,Drewett,8318.34,14/09/2021
149,Bromhead,Le Brum,7979.38,04/03/2022
150,MacNeilley,Dunstone,4417.30,08/12/2021
151,Pellew,Lande,4773.90,19/11/2021
152,Scholling,McHale,3429.68,06/07/2021
153,Pheasey,Carik,7994.78,16/05/2022
154,Roly,Awty,1103.01,25/07/2021
155,Shillaker,Redmain,5913.51,07/01/2022
156,Giocannoni,Braham,1137.97,08/05/2022
157,Pilipyak,Popescu,1641.00,08/06/2021
158,Clackson,Meneghelli,9267.50,16/03/2022
159,Havvock,Jurczik,6243.85,08/11/2021
160,Jantet,Nevins,388.16,06/07/2021
161,Rock,Ingerith,8455.69,22/06/2021
162,Teaser,Esmond,235.86,01/04/2022
163,Cleave,Dixcee,4326.05,04/07/2021
164,Grinter,Eusden,7857.21,11/01/2022
165,Glasson,Longhorn,5581.40,25/02/2022
166,Flavelle,Tuny,26.15,10/05/2022
167,Shrimpling,Matelaitis,3303.67,03/04/2022
168,Roblou,Rumbellow,7328.50,05/08/2021
169,Mounter,Mortlock,8803.52,15/02/2022
170,Lynock,Banfield,606.14,22/10/2021
171,McGraffin,Schermick,8132.38,24/03/2022
172,Foxton,Waltering,4500.76,09/07/2021
173,Brastead,Henryson,9172.59,12/01/2022
174,Marner,Melanaphy,6595.40,10/04/2022
175,Goding,Veitch,3905.89,28/08/2021
176,Theodore,Grigoroni,766.46,03/08/2021
177,Fitzsimmons,Bukac,2346.07,06/05/2022
178,Cockshott,Farrin,962.45,05/01/2022
179,Ludford,Brocking,9955.33,26/12/2021
180,Lapre,Walworth,8409.35,26/12/2021
181,Maffiotti,Raysdale,880.72,09/10/2021
182,Pull,Crigin,9410.87,09/06/2021
183,Trencher,Espadas,237.67,19/07/2021
184,Byk,Raigatt,6363.67,24/05/2022
185,Harbinson,Momford,4581.88,28/03/2022
186,Riggulsford,O'Flaherty,5910.56,25/07/2021
187,Gingle,Haythorne,3964.70,07/08/2021
188,Hydes,Soares,3536.58,16/09/2021
189,Forsdyke,Hanbridge,5449.44,13/01/2022
190,Priddy,Jiggle,7332.62,06/09/2021
191,Semper,Bourley,9281.63,08/04/2022
192,Bunney,cornhill,5883.50,05/12/2021
193,Earwicker,MacIntyre,6426.34,06/04/2022
194,Fish,Mogridge,6416.69,16/08/2021
195,Hanes,Antoniou,5975.72,19/08/2021
196,Gayden,O'Lennane,935.13,17/07/2021
197,Hagyard,Shrieves,116.09,17/08/2021
198,MacAllan,Haucke,1435.79,19/12/2021
199,Verralls,Oris,3979.64,26/04/2022
200,Joreau,Rochford,8314.48,08/02/2022
201,Warfield,Parmiter,6419.81,16/10/2021
202,Whitnall,Howett,7779.27,01/03/2022
203,Itzhaiek,Cruwys,7018.31,17/07/2021
204,McLewd,Hartley,7338.08,16/08/2021
205,Polding,Knowles,4395.42,20/12/2021
206,Gypson,Benoey,6509.93,05/09/2021
207,Mergue,Killoran,1772.05,29/06/2021
208,Belsher,Passman,4160.25,29/07/2021
209,Spinelli,Caveill,9243.87,29/12/2021
210,Holywell,Schleswig-Holstein,6718.16,09/11/2021
211,Baynton,Verzey,8270.89,06/04/2022
212,Whiston,Rainer,3050.42,02/06/2022
213,Hunsworth,O'Clery,4550.60,03/06/2022
214,Vannah,Estrella,6412.69,30/09/2021
215,Vernay,Wettern,7922.04,12/12/2021
216,Croan,Heakey,363.93,26/07/2021
217,Collete,Cawson,6001.96,07/07/2021
218,Aven,Fley,4028.82,24/08/2021
219,Rubega,Marzele,1603.02,10/12/2021
220,Styan,Schaben,46.15,02/07/2021
221,Zannini,Chmarny,3296.17,28/08/2021
222,Matokhnin,Durant,5710.07,30/12/2021
223,Greenig,Burkert,3757.91,03/02/2022
224,Canwell,Lortz,592.27,13/06/2021
225,Caslake,Pawels,9034.53,12/01/2022
226,Gane,Crofts,1985.57,10/08/2021
227,Foskett,Rhoddie,3771.45,10/08/2021
228,Tenaunt,Eye,7085.84,10/12/2021
229,Skade,Pinckney,4130.84,07/03/2022
230,Mattielli,Cockell,7485.23,12/09/2021
231,Rowswell,Kennelly,3156.03,04/10/2021
232,Steddall,Jacmar,2623.63,15/03/2022
233,Karlik,Kristof,171.04,11/11/2021
234,Straw,Broadberry,8673.61,29/03/2022
235,Leadbeater,Chaff,1893.49,17/11/2021
236,MacCostye,Alu,9192.25,18/11/2021
237,Bocke,Briar,7150.91,11/07/2021
238,Fitzsimon,Oakland,9299.24,06/02/2022
239,Aspinall,Inkpin,8528.75,02/04/2022
240,Summerley,Tudhope,4709.38,23/04/2022
241,Tuckley,Vedeshkin,8588.70,30/12/2021
242,Davenell,Deeming,6699.83,22/05/2022
243,Jeacop,Kernar,2820.88,29/12/2021
244,Rauprich,Habeshaw,4930.90,13/05/2022
245,Twidle,Dunwoody,2843.71,03/09/2021
246,Worshall,Beet,5664.83,24/08/2021
247,Goldsbrough,Pedrollo,8229.76,11/02/2022
248,Catto,Marcham,6008.68,24/01/2022
249,Fosdick,McGown,6491.73,01/01/2022
250,Lambertazzi,Bamforth,9870.86,25/11/2021
251,Buckeridge,Bragge,9076.62,07/03/2022
252,Lowseley,Gatheridge,38.59,11/11/2021
253,Domini,Truluck,9380.31,05/11/2021
254,Golborn,Rosengart,2204.65,17/07/2021
255,Jowle,Beamond,4580.57,24/06/2021
256,Soots,Heeley,306.13,18/05/2022
257,Fassum,Garfirth,3125.91,11/08/2021
258,Emery,Lowrey,2909.56,06/05/2022
259,Goozee,Trevers,5501.30,15/07/2021
260,Willows,Margrett,841.02,28/06/2021
261,Stansbie,Grabbam,6375.10,05/12/2021
262,Washtell,Wigmore,1502.01,21/07/2021
263,Antonopoulos,Pohl,2568.28,26/08/2021
264,Germann,Penticoot,9544.40,29/03/2022
265,Jaye,Birtley,38.99,18/10/2021
266,Coyte,Kears,7136.04,11/11/2021
267,Surman,Flawith,3318.44,26/02/2022
268,Sinson,Hailwood,5680.14,22/07/2021
269,Walisiak,Basey,261.54,20/06/2021
270,Nattrass,Swadlinge,5210.04,26/08/2021
271,Burgon,Reisen,460.11,27/08/2021
272,Greenroad,Dressell,5573.31,02/09/2021
273,Wooff,Suthren,1050.51,24/10/2021
274,Foat,Hambling,8053.57,30/08/2021
275,Benoey,Bruneau,2084.85,29/11/2021
276,Hynam,Zorzetti,8552.12,23/12/2021
277,Drinkall,Gerriets,2581.92,30/06/2021
278,Ewestace,Pringle,371.41,16/06/2021
279,Pieracci,Benninger,1940.65,22/08/2021
280,Pitcaithley,Toby,3015.94,21/12/2021
281,Exley,Hacket,9384.30,05/02/2022
282,Brayshaw,Wignall,9328.23,11/05/2022
283,Andrejs,Desaur,8635.06,15/07/2021
284,Tottman,Blachford,8772.49,18/06/2021
285,Cuttin,Probey,5013.45,21/11/2021
286,Lanning,Sicily,5552.67,30/12/2021
287,Parrington,Monget,5331.88,11/09/2021
288,Gorvette,Breznovic,3195.08,31/05/2022
289,Commucci,Patinkin,9505.16,18/02/2022
290,Bartosch,Kilford,9433.24,05/03/2022
291,Pittam,Epton,6598.21,08/08/2021
292,Filewood,Twinn,3730.19,17/03/2022
293,Flory,Wingar,6927.99,13/10/2021
294,Tidman,Hens,7425.70,06/06/2021
295,Chellam,Bradfield,1787.21,10/04/2022
296,Vedyashkin,Bandt,3462.96,04/11/2021
297,Vasilov,McIlveen,4623.15,20/06/2021
298,Chaudret,Reddish,6554.95,12/02/2022
299,Gemmill,Buck,216.82,18/02/2022
300,Krolak,Giacobo,5647.91,30/08/2021
301,Pinnell,Docket,8693.48,14/05/2022
302,Bassil,McGeever,43.51,20/11/2021
303,Southcomb,Gimbrett,5160.28,30/11/2021
304,Brooker,Zini,7683.67,25/12/2021
305,Alonso,Greatbach,9079.89,14/11/2021
306,Boulds,Cowdray,8405.40,20/01/2022
307,Mendel,Chartres,3753.21,27/01/2022
308,Zapata,Pepi,2673.27,10/11/2021
309,Cason,Klessmann,6374.54,09/05/2022
310,Mundie,Hazeldene,7652.16,12/04/2022
311,Cresser,Stirland,5329.41,24/02/2022
312,Bercher,Hitschke,6334.22,11/04/2022
313,Samsworth,Bissiker,79.36,06/12/2021
314,Hould,Aulton,7940.81,06/02/2022
315,Blunkett,Reck,5197.97,27/03/2022
316,Friese,Czajka,7810.67,06/06/2021
317,Yaxley,Borland,8948.54,28/06/2021
318,Orneles,Drinkwater,7616.79,21/02/2022
319,Dreinan,Brabant,3023.96,25/07/2021
320,Gonning,Birch,3594.63,21/07/2021
321,Bryceson,Stubbington,932.71,24/09/2021
322,Engley,Nickless,8413.63,20/12/2021
323,Plain,Tonn,8757.95,25/09/2021
324,Lestor,Rizzetti,8659.75,09/10/2021
325,Trowle,Wildes,2015.53,14/09/2021
326,Gerritsma,Leathard,8269.52,06/03/2022
327,Lenormand,Broyd,6460.04,12/09/2021
328,Sulman,Laphorn,2116.55,07/08/2021
329,Fishpoole,Djekic,794.55,15/08/2021
330,Boles,Robillart,4993.68,11/01/2022
331,Dunstall,MacSkeagan,108.55,07/06/2021
332,Mora,Maria,8135.15,17/02/2022
333,Eite,MacEnelly,5955.39,01/09/2021
334,Denslow,Milward,8070.96,11/05/2022
335,Cod,Shilito,5320.00,01/02/2022
336,Maseres,Sussans,4735.82,23/01/2022
337,Watterson,Duckfield,11.26,25/05/2022
338,Lauritzen,Diggens,5245.59,20/11/2021
339,Garred,Covotto,1842.71,21/01/2022
340,Bradick,Arlet,8579.59,22/05/2022
341,Berthe,Sherbrooke,5725.82,20/10/2021
342,Ellen,Kmiec,3671.33,26/07/2021
343,Filkin,Bortolutti,9482.09,11/10/2021
344,Lambard,Josephsen,5131.38,19/10/2021
345,Horwell,Boshier,5006.98,04/01/2022
346,Barthel,Ary,3629.46,09/04/2022
347,Gloyens,Baynard,3840.83,08/10/2021
348,Pechard,Smee,1829.94,23/10/2021
349,Rielly,Harwin,4795.44,15/10/2021
350,Loney,Raulstone,8661.07,01/09/2021
351,Pippard,Rosenthal,3994.04,04/03/2022
352,Mulvin,Matusson,8111.19,23/07/2021
353,Semorad,Sieb,2488.47,30/05/2022
354,O'Daly,Brick,3403.86,28/12/2021
355,Toseland,Malia,4501.87,11/04/2022
356,Gibbins,Conti,2158.54,13/02/2022
357,Atkin,Cassidy,1043.34,16/06/2021
358,Sutty,Aslie,7039.94,24/06/2021
359,Carluccio,Karim,3125.99,15/08/2021
360,Cattermole,Dyas,1905.33,04/08/2021
361,Vlasyuk,Straun,378.36,02/04/2022
362,Quillinane,Mallett,8436.52,12/12/2021
363,Bazylets,Matityahu,8072.55,07/10/2021
364,Holdren,Woodberry,8567.34,08/01/2022
365,Beldham,Wellesley,3682.35,09/01/2022
366,Bellows,Bestwick,1418.35,22/07/2021
367,Stood,Flawn,4944.28,15/11/2021
368,Callow,Scutchings,5418.21,05/12/2021
369,Muckart,Rosensaft,300.63,22/05/2022
370,Gress,Gylle,702.21,03/04/2022
371,Dunican,Habbergham,49.50,05/01/2022
372,Dusting,Soppett,8817.08,18/08/2021
373,Polini,Murton,1148.44,14/04/2022
374,Heggs,Donohoe,8614.67,02/07/2021
375,Blazi,Bainton,5878.19,13/02/2022
376,Hazeltine,Brimble,3368.55,25/03/2022
377,Triplet,Dipple,1934.79,14/03/2022
378,Gockeler,O'Cullen,18.26,16/01/2022
379,Ready,Boodle,5326.49,22/10/2021
380,Breawood,Oxlee,3953.72,07/08/2021
381,Ghiraldi,Hassewell,9788.96,08/04/2022
382,MacTrustam,O'Geneay,8014.81,28/10/2021
383,Duckett,McIlwain,9293.66,17/02/2022
384,O'Doogan,Ellsbury,9684.84,28/06/2021
385,Niesing,Sarl,2848.72,22/10/2021
386,Matthessen,Guihen,994.74,15/07/2021
387,Burnside,Farman,7607.65,03/07/2021
388,Radbourn,Uttley,7551.12,05/04/2022
389,De Rye Barrett,Bister,5392.15,17/09/2021
390,Shipcott,Keyho,9299.40,30/06/2021
391,MacCracken,Escale,7815.62,13/02/2022
392,Lambard,Dombrell,5435.06,01/10/2021
393,Dmitr,Kiossel,2308.93,15/03/2022
394,Mullard,Elsy,1578.40,24/01/2022
395,Blaver,Feore,5679.06,18/09/2021
396,Tolhurst,Mangam,5422.71,29/07/2021
397,Tabourel,Landal,7380.62,17/06/2021
398,Davenell,MacKowle,7771.00,28/10/2021
399,Flicker,Carlon,7394.67,07/08/2021
400,Mackstead,Ballingal,1597.01,04/11/2021
401,Newens,Cottam,6561.03,03/12/2021
402,Gowar,Timms,3727.61,23/09/2021
403,Hedney,Seppey,4340.70,18/06/2021
404,January,Hadeke,2681.78,27/07/2021
405,Frangleton,Magnus,7208.60,18/06/2021
406,Arndt,Whistlecraft,2943.18,28/04/2022
407,Swithenby,Govier,7631.92,08/11/2021
408,Fairnie,Maffetti,7810.06,23/10/2021
409,Lambrick,Scarlet,5572.76,21/04/2022
410,Dalrymple,Mattecot,5465.81,27/02/2022
411,Wardingly,Saywell,5115.59,27/09/2021
412,Barti,Legerton,4929.15,30/12/2021
413,Pyner,Vanni,2689.82,06/06/2021
414,Kennan,Turnock,529.88,10/02/2022
415,Wroughton,Cosgriff,7364.03,03/12/2021
416,Claricoats,Springer,6344.78,03/10/2021
417,Dykas,Woodyatt,9081.63,28/04/2022
418,Alliott,Strelitzki,8910.79,05/01/2022
419,Strangeway,McCulloch,5672.22,11/04/2022
420,Northcliffe,Zipsell,7863.35,01/12/2021
421,Bussy,Rannells,2255.47,09/05/2022
422,Kleinzweig,Rentz,6345.73,10/08/2021
423,Perigo,Dell,888.36,24/06/2021
424,Boundy,Merrick,6856.94,18/09/2021
425,Gasker,Jutson,9075.13,13/05/2022
426,Mougin,Mikalski,4357.56,26/01/2022
427,Trevers,Canner,2398.48,19/07/2021
428,McLellan,Sahnow,1397.90,12/03/2022
429,Binnes,Hosburn,1689.72,13/02/2022
430,Sandifer,Maron,2165.01,11/11/2021
431,Elmore,Beams,5317.68,15/01/2022
432,Perrelle,Scholz,7511.72,16/04/2022
433,Bruyet,Dodge,1872.47,18/07/2021
434,Ervin,Puncher,2491.95,09/10/2021
435,McCaughren,Leve,9395.37,01/02/2022
436,Di Bernardo,Taverner,186.54,28/11/2021
437,Depper,Cranage,5745.99,14/12/2021
438,Payton,Tampin,5327.68,12/10/2021
439,Peirpoint,Bosson,3341.39,05/08/2021
440,McCarle,Leser,2896.14,29/06/2021
441,Paice,Lezemore,3501.05,07/09/2021
442,Bedboro,Laban,2392.82,25/06/2021
443,MacDwyer,Postill,7191.88,03/04/2022
444,Hammett,Downton,306.46,27/06/2021
445,Tosspell,Yacob,5332.45,14/03/2022
446,Puddle,Cabral,5580.13,14/11/2021
447,Thoumasson,Alban,1781.28,03/12/2021
448,Blay,Braunle,7630.35,27/01/2022
449,Lowde,Pitt,6585.46,23/06/2021
450,Tomas,Furniss,4737.88,09/11/2021
451,Mattisson,Gercke,9550.94,16/01/2022
452,Mynard,Hartell,9440.95,22/02/2022
453,Yakhin,Huonic,8484.18,03/04/2022
454,Raymont,Stirman,7733.35,14/06/2021
455,Grimwad,Vigors,2362.23,18/12/2021
456,Connolly,Ruos,49712.47,09/02/2022
457,Von Brook,McGraffin,1315.30,15/08/2021
458,Frankel,Kennicott,6833.33,02/08/2021
459,Hesbrook,Palser,6869.20,25/12/2021
460,Ilyushkin,Gobolos,5686.79,21/10/2021
461,Tenaunt,Gully,2805.86,24/06/2021
462,Titt,Cowie,7503.18,24/11/2021
463,Lawee,Lounds,8485.59,22/01/2022
464,Pettis,Aicken,2766.51,17/12/2021
465,Bakeup,Cribbin,5840.63,09/07/2021
466,Chastan,Pinshon,7044.22,10/05/2022
467,Maleham,Kopp,526.11,16/05/2022
468,Dunford,Perillo,3966.64,22/09/2021
469,Petican,Rummin,7128.85,24/02/2022
470,Manifield,Okey,8216.40,25/03/2022
471,Dundin,Glason,9705.17,16/04/2022
472,Divell,Burrass,7768.30,19/08/2021
473,Yude,Topping,9364.04,08/07/2021
474,Cheeld,Suggett,3427.99,23/09/2021
475,Rochester,Harbertson,2841.61,26/06/2021
476,Gundrey,Fontes,44577.91,12/04/2022
477,Hefforde,Handforth,6460.64,06/09/2021
478,Le Noire,Devine,7585.97,17/02/2022
479,Melly,Figiovanni,5557.95,27/02/2022
480,Torel,Bosdet,806.00,12/11/2021
481,McGrann,Cradey,6330.64,30/09/2021
482,Consterdine,Napoleone,9018.56,14/02/2022
483,Olenov,Winton,469.02,19/02/2022
484,Kowalski,Gleader,436.17,24/11/2021
485,Whitehead,Scudders,8169.35,22/01/2022
486,Regelous,Bockings,9005.12,13/01/2022
487,Beldan,Annott,5047.67,21/07/2021
488,Gummory,Searight,697.34,17/07/2021
489,Learmount,Stockwell,2895.40,19/10/2021
490,Rivalland,MacCague,6536.67,15/06/2021
491,Benka,Dundendale,323.46,16/10/2021
492,Pechell,Swanson,8188.18,07/12/2021
493,Lowle,Murtimer,3378.87,03/04/2022
494,Hefforde,Mattusevich,8086.89,10/02/2022
495,Marriner,Fearon,3721.65,17/08/2021
496,Leyrroyd,Halwood,6441.94,23/11/2021
497,Shackleford,Hatt,9965.57,23/03/2022
498,Cecere,Gunnell,2472.69,14/02/2022
499,Siveter,Waistall,7645.31,29/04/2022
500,Kahn,Giacomuzzo,523.26,12/12/2021
501,Pearson,Curro,5809.57,11/02/2022
502,Dugan,Braniff,1283.75,31/07/2021
503,Eddowis,Apfel,1926.06,05/07/2021
504,Glen,Jackman,9149.82,30/03/2022
505,Schumacher,De Witt,3010.18,06/02/2022
506,Eliesco,Haggar,4325.46,06/07/2021
507,Corse,Wyard,612.89,14/01/2022
508,Maty,Dyett,2045.44,23/07/2021
509,Sparshatt,Gerholz,6378.46,27/07/2021
510,Petigrew,Parnall,7592.33,25/01/2022
511,Karczinski,Westby,9955.02,18/03/2022
512,Prophet,Sedgeworth,7645.68,24/07/2021
513,Simo,Keson,1620.29,28/06/2021
514,Yatman,Bewly,7701.24,07/12/2021
515,Levee,Bedbury,1306.63,03/02/2022
516,Eburne,Straffon,7674.16,01/12/2021
517,O' Loughran,Brummitt,9886.04,08/02/2022
518,Paling,Durgan,7153.30,21/12/2021
519,Parlatt,Rouch,6280.15,05/07/2021
520,Baskeyfield,Bloomfield,4219.88,25/06/2021
521,Peebles,Soffe,1796.00,09/06/2021
522,Tanswill,Cavan,2879.14,17/05/2022
523,Drackford,Gapp,6015.33,21/01/2022
524,McCheyne,Blind,4627.25,29/03/2022
525,Jane,Bittany,9479.70,08/06/2021
526,Farn,Karlqvist,1063.07,31/10/2021
527,Gumbrell,Benez,9497.32,27/09/2021
528,Mumberson,Mendus,4260.28,01/03/2022
529,Yule,Yurchenko,3338.83,04/03/2022
530,Ternouth,Fensome,6066.29,29/03/2022
531,Leban,Turmell,646.25,23/01/2022
532,Fargher,Friary,8910.18,21/06/2021
533,Moseley,Pallas,2411.07,26/12/2021
534,Dibbert,Marsters,9797.83,30/03/2022
535,O'Nolan,Durning,4042.53,15/08/2021
536,Dursley,Linck,909.82,23/06/2021
537,Shingfield,Olyet,207.80,03/03/2022
538,Gavigan,Horlick,4633.38,25/09/2021
539,Haresign,Groarty,6741.88,21/10/2021
540,Work,Dubery,1119.67,03/05/2022
541,Guinnane,Rubega,3620.98,06/03/2022
542,Smedmore,Paylie,1708.78,14/07/2021
543,Bottrill,Nathan,998.37,15/09/2021
544,Mellmer,Laxen,2427.39,04/02/2022
545,Grichukhin,Harden,3385.90,07/06/2021
546,McGeneay,Pasmore,9362.78,04/08/2021
547,Kettell,Currie,5565.30,07/07/2021
548,Sexton,Sneesbie,914.31,08/05/2022
549,Sigward,Austen,2453.01,31/03/2022
550,Harburtson,Pidgeley,2521.61,11/02/2022
551,Ramel,Jura,9677.34,15/11/2021
552,Chiese,Ryman,5783.91,01/11/2021
553,Michel,Desesquelle,7534.86,29/08/2021
554,Insall,Ofer,94110.11,13/08/2021
555,Lambis,Powdrill,3996.26,15/12/2021
556,Snowling,Mundwell,6663.83,24/02/2022
557,Ure,Gouldbourn,4336.82,11/08/2021
558,St. Aubyn,Fitchett,8865.21,01/07/2021
559,Garnar,Scamp,7540.81,25/05/2022
560,Probat,Wisdom,3131.59,02/07/2021
561,Boam,Priddie,2512.00,31/08/2021
562,Switsur,D'Cruze,6060.42,08/11/2021
563,Khoter,Skures,6017.58,21/08/2021
564,O'Luney,Gladhill,6411.43,17/12/2021
565,Vawton,Yurikov,2856.30,28/05/2022
566,Rumble,Gulland,4673.53,29/12/2021
567,Vidloc,Sawney,8811.58,04/12/2021
568,O'Monahan,Yannoni,1117.67,10/12/2021
569,Barthot,McMillian,3856.32,01/10/2021
570,Fenning,Mannooch,5978.78,22/12/2021
571,Drogan,Rookeby,607.72,14/12/2021
572,Kinsella,Pidgeley,5216.87,19/06/2021
573,Puve,Jozefowicz,3092.45,06/02/2022
574,Berzins,Nasey,8943.04,23/06/2021
575,D'Costa,Shipton,1109.44,19/01/2022
576,Wrixon,Ovett,147.90,25/10/2021
577,Myatt,Brounsell,9693.88,14/07/2021
578,Dolder,Rubee,5939.29,25/03/2022
579,Dittson,Landal,5157.35,12/07/2021
580,Sivill,Andretti,8260.22,01/04/2022
581,Andreev,Warnock,7691.25,29/07/2021
582,Hawley,Masi,6339.28,28/11/2021
583,Softley,Cavilla,7389.51,17/02/2022
584,Wybron,Colwill,5048.52,24/03/2022
585,Rapkins,Charlton,913.34,18/12/2021
586,Shone,Dallemore,1930.30,03/07/2021
587,Bracher,Tupie,1401.10,27/08/2021
588,Sedgemond,Cahani,2603.33,25/06/2021
589,Hargie,Townrow,6385.43,09/09/2021
590,Terney,Gallaway,3400.98,05/06/2022
591,Orsay,Mainland,1851.49,28/09/2021
592,Gallgher,Worsall,666.62,21/09/2021
593,Capon,Rowston,4398.82,04/06/2022
594,MacMickan,Le Borgne,8193.90,07/11/2021
595,Marlowe,Testo,2293.94,26/10/2021
596,Croutear,Monkton,44997.30,15/11/2021
597,Hylton,Mackstead,5949.27,31/08/2021
598,Kilfoyle,Pavel,2088.34,10/11/2021
599,Caseley,Barz,7017.84,24/11/2021
600,Clover,Sackett,3634.41,28/02/2022
601,Proud,Commucci,2822.33,07/04/2022
602,Minot,Holhouse,9293.50,06/05/2022
603,Denison,Stolberg,1012.94,05/04/2022
604,Udell,Mughal,199.82,12/02/2022
605,Malbon,Bates,3585.56,18/04/2022
606,Blair,Bontein,6535.08,12/01/2022
607,Darcy,Madders,9202.45,28/05/2022
608,Tearle,Jozwicki,8305.35,12/09/2021
609,Farquharson,Whitebread,7741.62,02/11/2021
610,Iddiens,Philpot,973.87,26/08/2021
611,Kahane,Armor,94441.05,31/05/2022
612,Petrollo,Khidr,3936.83,07/06/2021
613,Guterson,Davinet,8099.75,03/06/2022
614,Ohlsen,Shemmin,1630.81,08/01/2022
615,Dumbell,Brocks,9772.46,25/12/2021
616,Ollerhead,Aries,6618.93,06/03/2022
617,Raithbie,Jugging,2678.55,13/08/2021
618,Simmans,Tunuy,2364.39,20/01/2022
619,Babb,Tunny,3827.03,19/12/2021
620,McClunaghan,Wilcockes,6863.34,16/03/2022
621,Simnor,Quenby,1613.89,10/10/2021
622,Sheehan,Haining,1858.21,29/07/2021
623,Kraut,Brownsall,609.32,03/02/2022
624,Heaney`,Armstrong,1243.95,08/03/2022
625,Fenners,Spearman,4034.55,23/05/2022
626,Sage,Beardwood,572.84,16/07/2021
627,Hiscoe,Elcom,84568.23,17/11/2021
628,Barnewall,Dodgshon,4251.87,14/10/2021
629,Duinbleton,Wilkerson,274.40,07/08/2021
630,Keegan,Fogel,724.96,20/10/2021
631,Flanigan,Neild,6065.90,25/04/2022
632,Bramall,Bazek,7278.51,30/11/2021
633,De Roberto,McCarter,981.32,18/06/2021
634,Wyer,Jacobowits,7724.53,13/10/2021
635,Patzelt,Blewett,6586.07,22/04/2022
636,Bletso,Hatherley,7840.27,05/08/2021
637,Ryland,Smithson,612.51,07/01/2022
638,Douglass,Malone,8407.78,15/04/2022
639,Hicks,Billam,3564.94,27/12/2021
640,Holberry,Driffill,9622.79,16/10/2021
641,Hatcher,Hookes,8365.90,01/06/2022
642,Eayres,O'Neil,6002.02,13/07/2021
643,Saunier,Tarren,137.08,04/02/2022
644,Trusty,Tunna,64218.98,06/12/2021
645,Jillions,Balaisot,2420.58,28/10/2021
646,Teale,Banville,9653.68,06/04/2022
647,Coneybeare,Gotcher,7642.02,05/12/2021
648,McAmish,Cottam,6709.72,23/03/2022
649,Franzolini,Gauson,8957.39,16/09/2021
650,Kynoch,Gladwish,6673.70,20/07/2021
651,Abrahams,Brumpton,375.29,02/02/2022
652,Lafranconi,Gregol,5668.52,30/10/2021
653,Farnan,Bromidge,3188.73,13/03/2022
654,Caroli,Culham,8670.73,16/01/2022
655,Ciccarelli,Stollenwerck,7845.71,20/08/2021
656,Segot,Tungay,6023.30,20/01/2022
657,Cathesyed,Ind,1987.74,06/03/2022
658,Woosnam,Hardistry,3757.20,17/10/2021
659,Popping,Panter,5797.23,01/12/2021
660,Jaggi,Tireman,6338.85,18/12/2021
661,Zammitt,Langridge,5915.77,05/10/2021
662,Revie,Rehm,1937.50,24/02/2022
663,Eastcourt,Marron,3377.92,05/03/2022
664,Dannohl,Regi,84463.19,20/12/2021
665,Minchinton,Garric,291.78,05/04/2022
666,Gutteridge,Ringwood,1274.25,23/06/2021
667,Gameson,Gregoli,7381.19,07/08/2021
668,Lindstrom,Abramowsky,1777.05,09/09/2021
669,Drains,Nolli,1582.93,01/05/2022
670,Gilvear,Riccard,2549.84,03/02/2022
671,Whickman,Courtier,3049.40,16/02/2022
672,McIntosh,Child,6841.47,25/12/2021
673,Oaker,Found,8228.81,12/05/2022
674,Skitch,Frankowski,2813.64,15/12/2021
675,Durn,Beetlestone,3326.26,02/03/2022
676,Nother,Fattorini,2891.59,30/06/2021
677,Longhorn,Corbett,6576.75,04/05/2022
678,Larmuth,Lissandre,4352.68,02/03/2022
679,Epilet,Stalman,8896.89,24/06/2021
680,Demageard,Lokier,7298.68,08/07/2021
681,Ingleton,Bezley,3249.58,16/12/2021
682,Markl,Langstaff,8059.99,26/09/2021
683,Saby,Simionescu,4665.49,23/10/2021
684,Gierardi,Bounds,344390.76,22/03/2022
685,Trevaskis,Godier,9910.08,07/07/2021
686,Dumblton,Carriage,7812.65,11/10/2021
687,Ciccone,Jaskowicz,67.26,29/06/2021
688,Blogg,Rainon,8020.74,06/01/2022
689,Danelutti,Blankenship,9015.82,17/08/2021
690,Le feaver,Caldron,5204.25,05/06/2022
691,MacShirrie,Maier,29.46,05/09/2021
692,Frane,Breitling,4357.94,19/05/2022
693,Tackley,Gillitt,8488.46,23/01/2022
694,Sidnell,Isted,2272.31,01/03/2022
695,Cesaric,Cressey,5070.93,10/05/2022
696,Jesse,Walkowski,8391.34,12/02/2022
697,Lambswood,Lorek,7475.16,10/05/2022
698,Wegener,Pepperell,8256.69,31/05/2022
699,Daud,Matts,2849.07,03/02/2022
700,Ciccarelli,Crosgrove,9669.52,14/12/2021
701,Tillot,Millins,2916.00,28/05/2022
702,McCann,Gergolet,3020.33,22/01/2022
703,Went,Costin,2706.22,26/05/2022
704,Jevon,Magne,27.16,21/09/2021
705,Yakubovich,Ruecastle,1109.61,09/03/2022
706,Rudinger,Welbrock,8251.76,29/11/2021
707,Ninnotti,Stephens,9311.41,04/03/2022
708,Leetham,Delhanty,258.79,08/08/2021
709,Rosenzwig,Altoft,5103.67,15/08/2021
710,Reddyhoff,Dugdale,7143.80,22/05/2022
711,Piscot,Hiddersley,3570.87,01/05/2022
712,Hewkin,Bonsall,8399.67,05/01/2022
713,Kennsley,Radbond,9363.19,26/06/2021
714,Sargent,Buesnel,5393.00,16/04/2022
715,Hegge,Pinke,1623.56,14/07/2021
716,Simeone,Sanday,7948.49,13/03/2022
717,Havile,Ayres,7914.69,27/03/2022
718,Simester,Robotham,3117.41,27/02/2022
719,Wadforth,Britten,1329.73,27/01/2022
720,Boribal,Ginner,4020.36,27/12/2021
721,Ambrosoni,Melmar,3500.07,22/05/2022
722,Saunder,Robjant,44307.17,24/01/2022
723,Ribbon,Sumnall,9024.32,13/08/2021
724,Keele,Kubala,965.40,18/02/2022
725,Marris,Francisco,9082.71,08/12/2021
726,Arghent,Dansey,438.51,01/05/2022
727,MacGarvey,Arnaldi,3725.41,30/10/2021
728,McEvoy,Short,4119.30,20/08/2021
729,Swancott,Wetherhead,5039.14,24/07/2021
730,Klimp,FitzGeorge,2696.26,09/02/2022
731,Fulop,Cowdrey,3615.20,30/10/2021
732,Motte,Kilborn,8888.43,15/09/2021
733,Lillow,Rissen,701.30,20/10/2021
734,Reditt,Tolland,2423.60,02/02/2022
735,Wilcox,Bettison,8245.09,23/11/2021
736,Partleton,Bowller,6006.69,09/09/2021
737,Voss,Campaigne,233.16,28/07/2021
738,Lyman,Norcott,5176.38,06/05/2022
739,Darington,Bendix,1767.90,25/05/2022
740,Dering,Artrick,3264.14,03/06/2022
741,Strike,Semble,7677.43,18/11/2021
742,Sifflett,Boothman,2629.80,09/04/2022
743,Really,Iorillo,8585.29,10/09/2021
744,Swyer-Sexey,Gyles,4055.64,20/04/2022
745,Bottomer,Deegan,2431.71,05/07/2021
746,MacQueen,Scarrott,1613.65,06/09/2021
747,Kingswoode,Stockell,6981.86,07/05/2022
748,Kinglake,Toderi,4685.75,20/09/2021
749,Peasee,Llopis,5526.04,23/06/2021
750,Ansley,Doohan,7330.11,04/08/2021
751,Budd,Goldin,9771.51,24/01/2022
752,Form,Bale,6618.94,21/12/2021
753,Dicky,Poundford,3812.80,18/12/2021
754,Longson,Christoffels,1727.27,23/05/2022
755,McKinn,MacColgan,5617.40,02/06/2022
756,Heers,Andryushchenko,3274.03,10/02/2022
757,MacLaverty,Kirstein,5440.78,24/11/2021
758,Gunner,Mattioli,2299.65,03/04/2022
759,Auld,Paprotny,3224.89,09/08/2021
760,Delaney,Cohr,4767.52,15/06/2021
761,Paute,Cleveley,9754.00,29/12/2021
762,Linge,Benting,1094.22,04/03/2022
763,Matchell,Gerauld,9115.61,22/05/2022
764,Caughtry,Thowless,5822.23,02/12/2021
765,Broadbridge,Lampkin,3992.86,08/07/2021
766,Chadderton,Petrello,266.45,15/09/2021
767,Sturge,Hulmes,5151.47,03/01/2022
768,Hilary,Dmytryk,3433.32,30/01/2022
769,Tames,Simoes,8252.41,28/01/2022
770,Pavy,Bache,1126.69,07/04/2022
771,Leist,Swallwell,4166.60,11/06/2021
772,Cowdroy,Myhan,5454.65,24/08/2021
773,Whyler,Doohey,5801.78,16/02/2022
774,Sackur,Daw,4355.88,22/05/2022
775,Sumnall,Armes,9060.46,12/07/2021
776,Hallum,O'Logan,222762.33,02/06/2022
777,Wheldon,Aisbett,1290.02,24/01/2022
778,Main,Challenor,8842.37,25/09/2021
779,Freake,Brown,1926.76,04/06/2022
780,Loughman,Radford,9188.54,03/12/2021
781,Odlin,Wayman,2913.61,31/07/2021
782,Winterbotham,Bartolomivis,4716.53,31/08/2021
783,Reyes,Edwinson,6161.38,14/03/2022
784,Avrasin,Kohring,9420.84,25/12/2021
785,Sebastian,O' Culligan,7081.16,04/01/2022
786,Rizzardo,Fears,6756.35,06/10/2021
787,Furlow,Imm,6166.14,10/10/2021
788,Folli,Rhoddie,9323.27,13/06/2021
789,Hamblen,Edgerley,5435.50,20/04/2022
790,Novakovic,Thorowgood,1557.09,30/12/2021
791,Toynbee,Shawyer,5507.49,27/04/2022
792,Tooze,Nester,2134.08,02/02/2022
793,Dessent,Seabright,7645.93,31/12/2021
794,Cardnell,Conrad,9208.08,03/08/2021
795,Beumant,Smorthwaite,5697.98,08/12/2021
796,Taks,Drexel,6484.79,26/08/2021
797,Hailey,Frill,1965.98,18/02/2022
798,Younghusband,Bromige,1815.27,14/10/2021
799,di Rocca,Dawdary,2920.39,28/07/2021
800,Simkovich,Strahan,4651.79,01/02/2022
801,Lygo,Baiss,4978.62,25/12/2021
802,Eighteen,Decayette,9423.81,06/12/2021
803,Henzley,Lucy,6770.67,02/10/2021
804,Regitz,Linneman,2826.03,13/09/2021
805,Philimore,Larkworthy,8999.89,12/08/2021
806,Simpkins,Sandey,5773.23,14/05/2022
807,Blanshard,Tweedy,4493.90,18/06/2021
808,Mackerel,Skehens,5454.77,08/09/2021
809,Cape,Cherry,1465.87,28/04/2022
810,Dimitru,Rossetti,3244.41,16/04/2022
811,Barbey,Pulteneye,1518.80,11/06/2021
812,Cisar,Kimmings,2156.02,23/05/2022
813,Ralton,Gissing,440.89,03/10/2021
814,Kamiyama,Dunthorne,7158.98,13/05/2022
815,Elton,Shirland,9676.83,26/07/2021
816,Fausset,Mohring,7559.91,15/08/2021
817,Lowthian,Feldmark,7702.11,15/09/2021
818,Lum,Brands,7632.88,17/01/2022
819,Padmore,Edeson,6121.49,30/08/2021
820,Jardin,Steljes,8007.61,25/09/2021
821,Snadden,Shottin,8405.19,06/11/2021
822,McCorkindale,Meekings,9560.31,08/08/2021
823,Bremmell,Aldis,540.81,07/01/2022
824,Haydn,Euels,8052.44,12/07/2021
825,Erlam,Woodeson,6654.93,05/01/2022
826,Poulton,Jeffels,1468.41,09/09/2021
827,MacMillan,Dobrowolski,7521.63,19/09/2021
828,Ferier,Dzeniskevich,5244.78,09/06/2021
829,Kybbye,Trees,5428.93,01/03/2022
830,Burbage,Engley,8492.55,08/01/2022
831,Lownes,Korejs,8607.88,22/07/2021
832,Wrotham,Wheeldon,4262.98,03/06/2022
833,Ewbanche,Edgecombe,1066.02,14/03/2022
834,Sponder,Goude,3427.62,02/02/2022
835,Wasbey,Pollack,2280.28,12/12/2021
836,Jeannet,Treleven,358.35,04/02/2022
837,Knowling,Baudic,994.03,11/04/2022
838,Griffen,Penn,4954.76,26/11/2021
839,Purnell,Eicheler,7278.52,13/03/2022
840,Mapston,Heinemann,5589.78,17/12/2021
841,Maryet,Tott,3100.39,19/07/2021
842,Stockings,Verrechia,9583.75,04/02/2022
843,Birrane,Biaggiotti,6491.11,05/01/2022
844,Brandone,Piggot,5554.45,06/02/2022
845,Casajuana,Gipps,9916.07,08/04/2022
846,Woodburne,Jorry,5667.25,22/06/2021
847,Cowell,Guilliatt,3275.07,09/12/2021
848,Cromarty,Sawforde,9404.48,27/07/2021
849,Cantopher,Horney,6793.58,07/11/2021
850,Livard,Filipychev,449.71,09/12/2021
851,Foli,Francioli,7821.98,11/06/2021
852,Gornall,Fielding,618.22,19/07/2021
853,Vader,Growden,3154.84,09/05/2022
854,Spores,Lissenden,2142.01,10/04/2022
855,Gally,Orkney,6190.40,24/02/2022
856,Marl,McLemon,6318.66,22/04/2022
857,Waltering,Culverhouse,2313.35,21/12/2021
858,MacCurlye,Pellew,7889.52,07/04/2022
859,Wyles,Pryn,1456.39,12/07/2021
860,Ginner,Girton,1371.73,18/06/2021
861,Bocken,Proschek,9287.56,14/01/2022
862,Dartnell,Patise,185.13,26/07/2021
863,McKeefry,Reppaport,6012.98,26/08/2021
864,Larvent,Greedy,702.18,05/01/2022
865,Bagwell,Greenhowe,6795.32,12/09/2021
866,Meeking,Behneke,4502.98,23/03/2022
867,Hawkett,Benit,5187.68,26/03/2022
868,Radleigh,Styche,8323.53,08/01/2022
869,Du Fray,Presnail,8480.15,07/07/2021
870,MacTrustey,Grigor,920.67,02/11/2021
871,Ary,McClean,9418.07,23/05/2022
872,Challin,Dugood,7701.92,24/10/2021
873,Harmstone,Siggery,7457.10,29/03/2022
874,Flay,Pashby,3129.13,23/01/2022
875,Casone,Biesterfeld,7591.84,08/08/2021
876,Pablo,Manon,2408.94,28/01/2022
877,Gierke,Colquhoun,9696.19,24/02/2022
878,Zavattero,Harlowe,9806.23,07/08/2021
879,Hewins,Ferrieres,3498.97,27/12/2021
880,Godbehere,Chipchase,6068.48,06/04/2022
881,Fieller,Dreelan,415.56,28/09/2021
882,Sowerbutts,Degan,7582.76,02/03/2022
883,Shewan,Harberer,4153.01,28/03/2022
884,Dobrowolski,Mantrup,2893.29,26/05/2022
885,Syddon,De'Ath,5579.00,06/12/2021
886,Maple,Gwatkin,6199.23,22/01/2022
887,Placidi,Stair,1543.32,10/04/2022
888,Tomaszewski,Ceyssen,3027.00,24/12/2021
889,Drever,Brereton,7520.89,13/11/2021
890,Kavanagh,Bridgstock,7653.37,18/12/2021
891,Konig,Crips,5653.09,25/08/2021
892,Merrison,Sitlington,3963.11,28/04/2022
893,Corwin,MacMoyer,5423.15,06/12/2021
894,Begwell,Durrans,9080.95,04/12/2021
895,Kimber,Cundey,2254.04,10/05/2022
896,Volant,Fatharly,1991.32,22/07/2021
897,Wehnerr,Bernakiewicz,9288.30,03/06/2022
898,Jakel,Riseley,7935.71,22/09/2021
899,Phibb,Rycroft,2608.51,12/01/2022
900,Skelly,Whistan,657.30,10/01/2022
901,Hiscoke,Mulran,639.71,22/04/2022
902,Brundle,Brook,7565.14,09/04/2022
903,Cowwell,Worsam,3190.98,17/06/2021
904,Schukert,Boothroyd,9502.85,29/08/2021
905,Fritschel,McQuaid,3236.64,04/02/2022
906,Marfell,Andryushchenko,2677.13,27/09/2021
907,Andreia,Kermode,9689.79,13/07/2021
908,Highnam,Seeney,3117.22,23/02/2022
909,Wickmann,Backes,5972.55,27/11/2021
910,MacAlees,Harnor,9331.01,18/04/2022
911,Stokoe,Redler,5264.31,01/03/2022
912,Badam,Kainz,140.13,25/03/2022
913,Barwell,Hise,8134.57,01/10/2021
914,Pittson,Sirkett,5266.46,19/02/2022
915,Chomicz,Brouard,349.62,08/11/2021
916,Fairholme,Vigars,8866.50,12/01/2022
917,Astbury,Cleaton,7463.78,06/02/2022
918,Reicherz,Fellow,3538.73,13/12/2021
919,Schulze,Sutty,5101.46,15/04/2022
920,Waymont,Samsonsen,8100.09,16/05/2022
921,Reeveley,Satcher,7284.23,14/09/2021
922,Nunns,Beauchop,6841.32,27/07/2021
923,Loweth,Arkill,3678.51,14/07/2021
924,Martino,Breheny,6876.42,04/09/2021
925,Plewright,Bedford,8557.47,16/12/2021
926,Blampied,Barnwall,2378.14,09/07/2021
927,Birley,Wilcocke,1177.77,13/01/2022
928,McSherry,Baseggio,239.81,07/03/2022
929,Bebb,Halwood,2014.13,10/10/2021
930,Quadling,Bibby,4168.14,28/08/2021
931,Siebart,Ruslinge,2091.53,26/02/2022
932,Koba,Sherwen,1740.13,27/02/2022
933,Bradshaw,Irce,5222.83,17/06/2021
934,Iveson,Mahaffey,4180.67,18/11/2021
935,Winsome,Paolinelli,1142.38,12/07/2021
936,Gave,Spring,9083.75,15/05/2022
937,Ferrarone,Fawdery,5303.37,23/01/2022
938,Brisley,Hannigane,732.12,28/05/2022
939,Ladson,Fosten,2528.71,15/12/2021
940,Rustich,Garton,5123.45,12/03/2022
941,Reaney,Kleingrub,2997.00,12/03/2022
942,Kelemen,Craker,444.22,29/03/2022
943,Rockwell,Prescott,5339.65,18/05/2022
944,Philippault,Francescuzzi,4783.25,12/11/2021
945,Sanford,Magnus,3626.52,04/02/2022
946,Kintzel,Cescon,8801.72,13/02/2022
947,Paoletti,Bicheno,4198.07,27/01/2022
948,Stennard,Ohms,763.25,21/04/2022
949,Wilber,Truelove,7541.40,24/05/2022
950,Jans,Baynton,4349.84,04/02/2022
951,Jelf,Rutigliano,9388.04,30/12/2021
952,Gocke,Hesbrook,8459.22,02/02/2022
953,Buckoke,Jeremiah,9576.58,13/03/2022
954,Brooker,Iacoviello,3921.52,30/07/2021
955,Eversley,Dole,7474.54,23/03/2022
956,Cecchi,Rookes,1349.91,07/05/2022
957,Mandrake,Goudman,7770.27,17/09/2021
958,Long,Tschirasche,7917.32,28/11/2021
959,Shitliffe,Heardman,4438.53,24/01/2022
960,Hambly,Seamer,9615.14,25/09/2021
961,Hoppner,Goalby,9995.18,04/12/2021
962,Bollam,L' Estrange,8306.62,23/10/2021
963,Roubay,Bjerkan,3361.80,12/11/2021
964,Coveny,Culvey,9603.39,22/10/2021
965,Dorn,Bengtson,7545.43,30/01/2022
966,Charley,Hadrill,7419.81,19/01/2022
967,Gillfillan,Sandiford,8941.84,04/08/2021
968,Dorsett,Willshee,5622.54,28/11/2021
969,Shills,Abramamov,5842.26,16/12/2021
970,Hambright,Castenda,6844.01,18/04/2022
971,Harflete,McTiernan,1276.45,20/07/2021
972,Normanvill,Nugent,6769.23,08/12/2021
973,Jewster,Matschek,7868.20,15/01/2022
974,Lorait,Jills,9411.03,26/01/2022
975,Boldecke,Ashwell,5440.44,04/10/2021
976,Stirrup,Croson,8803.38,25/08/2021
977,Boffin,Sanday,8172.23,10/11/2021
978,Jude,Barends,116.56,15/03/2022
979,Doyland,Burke,1024.15,12/08/2021
980,Pargiter,Eloy,618.34,11/11/2021
981,Domenichini,Robbeke,583.20,01/06/2022
982,Satchel,Burtwell,1983.44,11/08/2021
983,Casterot,Reichardt,3683.07,14/07/2021
984,Sedgebeer,Greenley,3906.57,30/12/2021
985,Toseland,Steers,8649.43,29/10/2021
986,Gronav,Layfield,867.08,24/01/2022
987,Skippen,Attril,6273.25,30/08/2021
988,Iddiens,Dudbridge,2181.07,27/05/2022
989,Storror,Lepope,374.95,10/01/2022
990,MacCart,Shevlan,1142.31,31/08/2021
991,Corro,Ough,8957.39,22/12/2021
992,Gerardin,Layborn,2618.12,22/03/2022
993,Milazzo,Hurche,9504.94,25/07/2021
994,Dawkins,Phibb,6571.77,13/10/2021
995,Hynson,Falla,7110.33,10/10/2021
996,Gymlett,Dampier,6498.01,07/03/2022
997,Chimienti,Barthelme,6114.58,12/05/2022
998,Coaten,Beton,6545.01,30/07/2021
999,Carette,Rambadt,5091.11,17/08/2021
1000,Peteri,Steade,7194.07,27/04/2022
